<Ui>
	<Frame name="ItemRackFrame" hidden="true">
		<Scripts>
			<OnEvent>
				ItemRack.OnEvent(self,event,...)
			</OnEvent>
			<OnUpdate>
				ItemRack.OnUpdate(self,elapsed)
			</OnUpdate>
		</Scripts>
	</Frame>

	<Frame name="ItemRackMenuFrame" frameStrata="HIGH" enableMouse="false" movable="true" parent="UIParent" hidden="true" clampedToScreen="true" topLevel="true">
		<Size>
			<AbsDimension x="64" y="64" />
		</Size>
		<Backdrop bgFile="Interface\DialogFrame\UI-DialogBox-Background" edgeFile="Interface\Tooltips\UI-Tooltip-Border" tile="true">
			<BackgroundInsets>
				<AbsInset left="4" right="4" top="4" bottom="4" />
			</BackgroundInsets>
			<TileSize>
				<AbsValue val="16" />
			</TileSize>
			<EdgeSize>
				<AbsValue val="16" />
			</EdgeSize>
			<BorderColor>
				<Color r=".3" g=".3" b=".3"/>
			</BorderColor>
		</Backdrop>
		<Scripts>
			<OnHide>
				ItemRack.MenuOnHide()
			</OnHide>
		</Scripts>
	</Frame>

	<GameTooltip name="ItemRackTooltip" inherits="GameTooltipTemplate" hidden="true">
		<Scripts>
			<OnLoad>
				self:SetOwner(WorldFrame,"ANCHOR_NONE")
			</OnLoad>
		</Scripts>
	</GameTooltip>

	<Frame name="ItemRackQueueTemplate" enableMouse="false" virtual="true">
		<Size>
			<AbsDimension x="20" y="20"/>
		</Size>
		<Anchors>
			<Anchor point="TOPLEFT">
				<Offset>
					<AbsDimension x="-2" y="2"/>
				</Offset>
			</Anchor>
		</Anchors>
		<Layers>
			<Layer level="OVERLAY">
				<Texture name="$parentQueue" hidden="true" file="Interface\AddOns\ItemRack\ItemRackGear"/>
			</Layer>
		</Layers>
	</Frame>

	<Frame parent="CharacterHeadSlot" inherits="ItemRackQueueTemplate"/>
	<Frame parent="CharacterNeckSlot" inherits="ItemRackQueueTemplate"/>
	<Frame parent="CharacterShoulderSlot" inherits="ItemRackQueueTemplate"/>
	<Frame parent="CharacterShirtSlot" inherits="ItemRackQueueTemplate"/>
	<Frame parent="CharacterChestSlot" inherits="ItemRackQueueTemplate"/>
	<Frame parent="CharacterWaistSlot" inherits="ItemRackQueueTemplate"/>
	<Frame parent="CharacterLegsSlot" inherits="ItemRackQueueTemplate"/>
	<Frame parent="CharacterFeetSlot" inherits="ItemRackQueueTemplate"/>
	<Frame parent="CharacterWristSlot" inherits="ItemRackQueueTemplate"/>
	<Frame parent="CharacterHandsSlot" inherits="ItemRackQueueTemplate"/>
	<Frame parent="CharacterFinger0Slot" inherits="ItemRackQueueTemplate"/>
	<Frame parent="CharacterFinger1Slot" inherits="ItemRackQueueTemplate"/>
	<Frame parent="CharacterTrinket0Slot" inherits="ItemRackQueueTemplate"/>
	<Frame parent="CharacterTrinket1Slot" inherits="ItemRackQueueTemplate"/>
	<Frame parent="CharacterBackSlot" inherits="ItemRackQueueTemplate"/>
	<Frame parent="CharacterMainHandSlot" inherits="ItemRackQueueTemplate"/>
	<Frame parent="CharacterSecondaryHandSlot" inherits="ItemRackQueueTemplate"/>
	<Frame parent="CharacterRangedSlot" inherits="ItemRackQueueTemplate"/>
	<Frame parent="CharacterTabardSlot" inherits="ItemRackQueueTemplate"/>

	<!-- All player Events (Buff/Zone/Stance/Script) go through this frame -->
	<Frame name="ItemRackEventProcessingFrame" hidden="true" parent="UIParent">
		<Scripts>
			<OnEvent>
				ItemRack.ProcessingFrameOnEvent(self,event,...)
			</OnEvent>
		</Scripts>
	</Frame>

</Ui>
